review_id,product_name,product_category,rating,review_text,sentiment
REV_001,Sony WH-1000XM5 Wireless Headphones,Audio & Headphones,4,The product quality is outstanding! Fast delivery and great customer support. Highly recommended!,Positive
REV_002,Apple MacBook Air M2 13-inch,Computers & Laptops,1,Terrible service. The package arrived damaged and customer service refused to refund. Very disappointed!,Negative
REV_003,Samsung Galaxy S24 Ultra,Smartphones,3,"The app works okay, but the user interface could use some improvements. Average experience.",Neutral
REV_004,Anker 737 Power Bank 24000mAh,Electronics Accessories,4,"Absolutely love this store! Amazing discounts, prompt shipping, and top-tier item quality!",Positive
REV_005,CeraVe Hydrating Facial Cleanser,Beauty & Skincare,1,Extremely slow shipping. Took over three weeks to arrive and nobody answered my emails. Bad support!,Negative
REV_006,Instant Pot Duo 7-in-1 Pressure Cooker,Home & Kitchen,4,Product matches the description. Delivery was standard. Nothing extraordinary to report.,Neutral
REV_007,Nike Air Zoom Pegasus 40,Fashion & Apparel,5,Exceptional customer service! The representative resolved my account issue within minutes. Great team!,Positive
REV_008,Logitech MX Master 3S Mouse,Computer Accessories,1,Poor quality material. Broke on the first day of usage. Waste of money!,Negative
REV_009,Sony WH-1000XM5 Wireless Headphones,Audio & Headphones,3,The order process was straightforward. Delivery was on time. Satisfactory transaction.,Neutral
REV_010,Apple MacBook Air M2 13-inch,Computers & Laptops,5,Fantastic purchase! Best value for money and premium packaging. Will order again!,Positive
REV_011,Samsung Galaxy S24 Ultra,Smartphones,2,Horrible experience! Received wrong item and returns process is super frustrating. Avoid this seller!,Negative
REV_012,Anker 737 Power Bank 24000mAh,Electronics Accessories,4,"It does what it promises. Not terrible, but definitely not high-end quality either.",Neutral
REV_013,CeraVe Hydrating Facial Cleanser,Beauty & Skincare,5,Super fast delivery and flawless product! Five stars all the way!,Positive
REV_014,Instant Pot Duo 7-in-1 Pressure Cooker,Home & Kitchen,1,Defective product delivered. Customer support line is constantly busy. Totally unacceptable!,Negative
REV_015,Nike Air Zoom Pegasus 40,Fashion & Apparel,3,Item arrived in good condition. Standard packaging and normal shipping timeframe.,Neutral
REV_016,Logitech MX Master 3S Mouse,Computer Accessories,5,Highly impressed with the build quality and attention to detail. Excellent purchase!,Positive
REV_017,Sony WH-1000XM5 Wireless Headphones,Audio & Headphones,1,Charged twice for a single order! Support is completely unhelpful and rude. Fraudulent service!,Negative
REV_018,Apple MacBook Air M2 13-inch,Computers & Laptops,3,Fair pricing and average delivery speed. The app is somewhat responsive.,Neutral
REV_019,Samsung Galaxy S24 Ultra,Smartphones,5,Great discount offers and seamless payment process. Really enjoyed shopping here!,Positive
REV_020,Anker 737 Power Bank 24000mAh,Electronics Accessories,2,The item broke within an hour. Cheap plastic and terrible quality control!,Negative
REV_021,CeraVe Hydrating Facial Cleanser,Beauty & Skincare,3,Average product. Works as expected but nothing special.,Neutral
REV_022,Instant Pot Duo 7-in-1 Pressure Cooker,Home & Kitchen,4,"Best customer service I have ever experienced! Helpful, polite, and efficient staff.",Positive
REV_023,Nike Air Zoom Pegasus 40,Fashion & Apparel,2,Delayed shipment without any tracking update. Very poor communication from support.,Negative
REV_024,Logitech MX Master 3S Mouse,Computer Accessories,4,The delivery arrived as estimated. Product condition was acceptable.,Neutral
REV_025,Sony WH-1000XM5 Wireless Headphones,Audio & Headphones,4,Outstanding customer care and high quality goods. Will definitely recommend to friends!,Positive
REV_026,Apple MacBook Air M2 13-inch,Computers & Laptops,2,The item arrived missing key accessories. Refund process is a total nightmare!,Negative
REV_027,Samsung Galaxy S24 Ultra,Smartphones,3,Decent quality for the price point. Packaging was standard.,Neutral
REV_028,Anker 737 Power Bank 24000mAh,Electronics Accessories,4,Remarkable speed and quality! Exceeded my expectations in every way.,Positive
REV_029,CeraVe Hydrating Facial Cleanser,Beauty & Skincare,1,The app constantly crashes during checkout. Worst online ordering system ever!,Negative
REV_030,Instant Pot Duo 7-in-1 Pressure Cooker,Home & Kitchen,4,Received order today. Everything looks fine. No major complaints.,Neutral
REV_031,Nike Air Zoom Pegasus 40,Fashion & Apparel,5,Prompt response from technical support. They fixed my problem in no time. Great job!,Positive
REV_032,Logitech MX Master 3S Mouse,Computer Accessories,2,Product looks completely different from the website photos. Misleading advertising!,Negative
REV_033,Sony WH-1000XM5 Wireless Headphones,Audio & Headphones,3,Acceptable performance overall. Setup was moderate difficulty.,Neutral
REV_034,Apple MacBook Air M2 13-inch,Computers & Laptops,4,Top-notch quality! Shipping was surprisingly quick and item was double wrapped safely.,Positive
REV_035,Samsung Galaxy S24 Ultra,Smartphones,1,Package lost in transit and support refused to issue a replacement! Terrible company!,Negative
REV_036,Anker 737 Power Bank 24000mAh,Electronics Accessories,4,Standard delivery time. Product quality aligns with the price paid.,Neutral
REV_037,CeraVe Hydrating Facial Cleanser,Beauty & Skincare,5,"Wonderful experience! Friendly support, fast dispatch, and wonderful item!",Positive
REV_038,Instant Pot Duo 7-in-1 Pressure Cooker,Home & Kitchen,2,Very disappointed. Item stopped working after two days. Poor warranty coverage!,Negative
REV_039,Nike Air Zoom Pegasus 40,Fashion & Apparel,3,The customer service representative answered basic questions. Average service.,Neutral
REV_040,Logitech MX Master 3S Mouse,Computer Accessories,5,Superior build quality and sleek design. Extremely satisfied with this order!,Positive
REV_041,Sony WH-1000XM5 Wireless Headphones,Audio & Headphones,1,Hidden fees added at checkout! Unfair pricing model and misleading promotion!,Negative
REV_042,Apple MacBook Air M2 13-inch,Computers & Laptops,4,Delivery was on schedule. The item is functioning as expected.,Neutral
REV_043,Samsung Galaxy S24 Ultra,Smartphones,5,"I am so happy with this purchase! Highly reliable, durable, and stylish.",Positive
REV_044,Anker 737 Power Bank 24000mAh,Electronics Accessories,1,Rude support agents and useless resolution system. Will never buy again!,Negative
REV_045,CeraVe Hydrating Facial Cleanser,Beauty & Skincare,3,Normal shipping time. Box was slightly creased but product inside was intact.,Neutral
REV_046,Instant Pot Duo 7-in-1 Pressure Cooker,Home & Kitchen,4,Amazing service! Replacement unit was sent immediately when I had an issue. 10/10!,Positive
REV_047,Nike Air Zoom Pegasus 40,Fashion & Apparel,1,"Very bad experience. Subpar quality, long wait time, and unhelpful support.",Negative
REV_048,Logitech MX Master 3S Mouse,Computer Accessories,4,"The item functions fine. Nothing to complain about, nothing to praise either.",Neutral
REV_049,Sony WH-1000XM5 Wireless Headphones,Audio & Headphones,5,Superb customer support and high efficiency! Love doing business with them!,Positive
REV_050,Apple MacBook Air M2 13-inch,Computers & Laptops,1,Item delivered was scratched and dirty. Feels like a used product was sent!,Negative
REV_051,Samsung Galaxy S24 Ultra,Smartphones,3,The delivery driver was polite. Product quality is acceptable.,Neutral
REV_052,Anker 737 Power Bank 24000mAh,Electronics Accessories,5,Great value for money! High quality material and smooth performance!,Positive
REV_053,CeraVe Hydrating Facial Cleanser,Beauty & Skincare,2,Order canceled without explanation after waiting for a week. Disgraceful service!,Negative
REV_054,Instant Pot Duo 7-in-1 Pressure Cooker,Home & Kitchen,3,The product is adequate for daily use. Average battery life.,Neutral
REV_055,Nike Air Zoom Pegasus 40,Fashion & Apparel,4,"Excellent overall! Quick dispatch, accurate description, and friendly help.",Positive
REV_056,Logitech MX Master 3S Mouse,Computer Accessories,1,False promises regarding delivery dates. Express shipping took 8 days!,Negative
REV_057,Sony WH-1000XM5 Wireless Headphones,Audio & Headphones,3,It is a standard item. Works okay. No issues noticed so far.,Neutral
REV_058,Apple MacBook Air M2 13-inch,Computers & Laptops,5,Truly exceptional product! Beautifully designed and works seamlessly!,Positive
REV_059,Samsung Galaxy S24 Ultra,Smartphones,1,Customer service ignored three consecutive support tickets. Horrible support!,Negative
REV_060,Anker 737 Power Bank 24000mAh,Electronics Accessories,3,The shipping timeline was as expected. Product quality is satisfactory.,Neutral
REV_061,CeraVe Hydrating Facial Cleanser,Beauty & Skincare,5,"Five stars! Fast delivery, great price, and superb quality!",Positive
REV_062,Instant Pot Duo 7-in-1 Pressure Cooker,Home & Kitchen,2,The material feels flimsy and cheap. Broke immediately upon assembly!,Negative
REV_063,Nike Air Zoom Pegasus 40,Fashion & Apparel,3,The service level was okay. Nothing remarkable.,Neutral
REV_064,Logitech MX Master 3S Mouse,Computer Accessories,4,I love everything about this product! Fast shipping and excellent packaging.,Positive
REV_065,Sony WH-1000XM5 Wireless Headphones,Audio & Headphones,1,Extremely frustrating return process. Spent hours trying to print return label!,Negative
REV_066,Apple MacBook Air M2 13-inch,Computers & Laptops,3,Product arrived in standard condition. No complaints.,Neutral
REV_067,Samsung Galaxy S24 Ultra,Smartphones,5,Awesome customer support team! Resolved my query in 5 minutes.,Positive
REV_068,Anker 737 Power Bank 24000mAh,Electronics Accessories,1,Very slow refund processing. It took 30 days to get my money back!,Negative
REV_069,CeraVe Hydrating Facial Cleanser,Beauty & Skincare,3,Fair experience overall. Product meets basic expectations.,Neutral
REV_070,Instant Pot Duo 7-in-1 Pressure Cooker,Home & Kitchen,5,Incredible value! Highly functional and elegant design. Very happy!,Positive
REV_071,Nike Air Zoom Pegasus 40,Fashion & Apparel,1,Poor communication regarding stock availability. Cancelled my order last minute.,Negative
REV_072,Logitech MX Master 3S Mouse,Computer Accessories,3,The package was delivered safely. Everything operates normally.,Neutral
REV_073,Sony WH-1000XM5 Wireless Headphones,Audio & Headphones,4,Outstanding quality and impressive delivery speed. Highly satisfied customer!,Positive
REV_074,Apple MacBook Air M2 13-inch,Computers & Laptops,2,Extremely noisy unit. Defective motor right out of the box!,Negative
REV_075,Samsung Galaxy S24 Ultra,Smartphones,4,Satisfactory transaction. Item was packed securely.,Neutral
REV_076,Anker 737 Power Bank 24000mAh,Electronics Accessories,4,Brilliant service and amazing product quality! Will buy again soon.,Positive
REV_077,CeraVe Hydrating Facial Cleanser,Beauty & Skincare,1,Overpriced for such low quality. Totally regret buying this item!,Negative
REV_078,Instant Pot Duo 7-in-1 Pressure Cooker,Home & Kitchen,3,Shipping took average time. Product works as advertised.,Neutral
REV_079,Nike Air Zoom Pegasus 40,Fashion & Apparel,4,Flawless product! Shipping was super fast and support was very polite.,Positive
REV_080,Logitech MX Master 3S Mouse,Computer Accessories,1,Received damaged item and support blamed the delivery company! Unprofessional!,Negative
REV_081,Sony WH-1000XM5 Wireless Headphones,Audio & Headphones,3,The item is decent. Does what it is supposed to do.,Neutral
REV_082,Apple MacBook Air M2 13-inch,Computers & Laptops,5,Very happy with the customer care team. They went above and beyond!,Positive
REV_083,Samsung Galaxy S24 Ultra,Smartphones,1,Terrible user interface in mobile app. Frequent login errors and glitches!,Negative
REV_084,Anker 737 Power Bank 24000mAh,Electronics Accessories,4,Product is fine. Delivery was standard speed.,Neutral
REV_085,CeraVe Hydrating Facial Cleanser,Beauty & Skincare,4,Superb quality and unbeatable price! Highly recommended store!,Positive
REV_086,Instant Pot Duo 7-in-1 Pressure Cooker,Home & Kitchen,1,Item broke after two weeks. Warranty service is non-existent!,Negative
REV_087,Nike Air Zoom Pegasus 40,Fashion & Apparel,3,Moderate quality. Good for basic tasks.,Neutral
REV_088,Logitech MX Master 3S Mouse,Computer Accessories,5,Fantastic experience! Great products and extremely fast delivery service!,Positive
REV_089,Sony WH-1000XM5 Wireless Headphones,Audio & Headphones,1,Worst shopping experience ever! Delayed shipping and wrong items sent.,Negative
REV_090,Apple MacBook Air M2 13-inch,Computers & Laptops,3,Standard service. Order arrived safely without damages.,Neutral
REV_091,Samsung Galaxy S24 Ultra,Smartphones,5,Top tier quality! Customer support was friendly and fast.,Positive
REV_092,Anker 737 Power Bank 24000mAh,Electronics Accessories,1,Customer service line is automated loop of doom! Nobody actually helps!,Negative
REV_093,CeraVe Hydrating Facial Cleanser,Beauty & Skincare,3,Fairly good product. Shipping took 4 days.,Neutral
REV_094,Instant Pot Duo 7-in-1 Pressure Cooker,Home & Kitchen,4,Wonderful product! Exceeded my expectation in every metric.,Positive
REV_095,Nike Air Zoom Pegasus 40,Fashion & Apparel,1,Product quality is far below average. Very disappointed with this purchase.,Negative
REV_096,Logitech MX Master 3S Mouse,Computer Accessories,4,Order received on time. Quality matches the description.,Neutral
REV_097,Sony WH-1000XM5 Wireless Headphones,Audio & Headphones,5,Exceptional delivery speed and amazing product! 10 out of 10!,Positive
REV_098,Apple MacBook Air M2 13-inch,Computers & Laptops,1,Item was missing half of the advertised parts. Horrible service!,Negative
REV_099,Samsung Galaxy S24 Ultra,Smartphones,4,Satisfactory experience. Product is okay for the price.,Neutral
REV_100,Anker 737 Power Bank 24000mAh,Electronics Accessories,4,"Love this store! Great discounts, superb products, and prompt assistance!",Positive
