review_id,product_name,product_category,rating,review_text
UNL_001,Sony WH-1000XM5 Wireless Headphones,Audio & Headphones,5,The product quality is fantastic! Shipping was extremely fast and packaging was secure.
UNL_002,Apple MacBook Air M2 13-inch,Computers & Laptops,4,Extremely slow delivery and the customer service representative was rude when I called.
UNL_003,Samsung Galaxy S24 Ultra,Smartphones,5,Item received. Works as described. Average performance.
UNL_004,Anker 737 Power Bank 24000mAh,Electronics Accessories,1,Loved the user interface of the app! Very smooth checkout process.
UNL_005,CeraVe Hydrating Facial Cleanser,Beauty & Skincare,5,Received a broken unit and refund request has been pending for over 2 weeks.
UNL_006,Instant Pot Duo 7-in-1 Pressure Cooker,Home & Kitchen,1,Standard product quality. Fair pricing for what you get.
UNL_007,Nike Air Zoom Pegasus 40,Fashion & Apparel,5,Great customer support! Solved my issue within 10 minutes.
UNL_008,Logitech MX Master 3S Mouse,Computer Accessories,3,Poor material quality. It broke after one week of light usage.
UNL_009,Sony WH-1000XM5 Wireless Headphones,Audio & Headphones,3,Delivery took 5 days. Product is fine.
UNL_010,Apple MacBook Air M2 13-inch,Computers & Laptops,4,Amazing value for money! Will definitely buy again.
UNL_011,Samsung Galaxy S24 Ultra,Smartphones,5,Wrong item delivered and support refused to acknowledge their error.
UNL_012,Anker 737 Power Bank 24000mAh,Electronics Accessories,5,Decent quality for the cost. Nothing exceptional.
UNL_013,CeraVe Hydrating Facial Cleanser,Beauty & Skincare,4,Prompt dispatch and high quality packaging! Very satisfied customer.
UNL_014,Instant Pot Duo 7-in-1 Pressure Cooker,Home & Kitchen,5,The mobile app keeps crashing during payment confirmation.
UNL_015,Nike Air Zoom Pegasus 40,Fashion & Apparel,5,Satisfactory item. Meets basic requirements.
UNL_016,Logitech MX Master 3S Mouse,Computer Accessories,5,Superb performance and elegant design! Highly recommended product!
UNL_017,Sony WH-1000XM5 Wireless Headphones,Audio & Headphones,3,Charged multiple times for single order. Terrible billing support.
UNL_018,Apple MacBook Air M2 13-inch,Computers & Laptops,4,Average shipping time. Product is as expected.
UNL_019,Samsung Galaxy S24 Ultra,Smartphones,4,Great discounts and fast shipping! Fantastic overall experience.
UNL_020,Anker 737 Power Bank 24000mAh,Electronics Accessories,4,Item stopped working after three days. Poor build quality.
UNL_021,CeraVe Hydrating Facial Cleanser,Beauty & Skincare,4,The item works okay. Standard functionality.
UNL_022,Instant Pot Duo 7-in-1 Pressure Cooker,Home & Kitchen,4,Helpful and friendly support staff. They fixed my issue quickly.
UNL_023,Nike Air Zoom Pegasus 40,Fashion & Apparel,2,No tracking information provided. Delivery was severely delayed.
UNL_024,Logitech MX Master 3S Mouse,Computer Accessories,5,Product condition was acceptable upon arrival.
UNL_025,Sony WH-1000XM5 Wireless Headphones,Audio & Headphones,2,Outstanding customer care and great item! 5 stars!
UNL_026,Apple MacBook Air M2 13-inch,Computers & Laptops,3,Missing parts in the box. Very poor quality control.
UNL_027,Samsung Galaxy S24 Ultra,Smartphones,4,Ordinary quality. Fine for short term use.
UNL_028,Anker 737 Power Bank 24000mAh,Electronics Accessories,2,Fast shipping and excellent customer service!
UNL_029,CeraVe Hydrating Facial Cleanser,Beauty & Skincare,4,Checkout button was unresponsive on mobile browser.
UNL_030,Instant Pot Duo 7-in-1 Pressure Cooker,Home & Kitchen,4,Received package today. Everything looks good.
UNL_031,Nike Air Zoom Pegasus 40,Fashion & Apparel,5,Technical support was knowledgeable and solved my problem.
UNL_032,Logitech MX Master 3S Mouse,Computer Accessories,3,Item does not look like the images online. Very misleading.
UNL_033,Sony WH-1000XM5 Wireless Headphones,Audio & Headphones,3,Moderate quality. Works as described.
UNL_034,Apple MacBook Air M2 13-inch,Computers & Laptops,5,Top build quality! Shipping was surprisingly quick.
UNL_035,Samsung Galaxy S24 Ultra,Smartphones,4,Package lost in transit and company offered zero help.
UNL_036,Anker 737 Power Bank 24000mAh,Electronics Accessories,3,Delivery time was standard. Product is acceptable.
UNL_037,CeraVe Hydrating Facial Cleanser,Beauty & Skincare,5,Wonderful experience from start to finish! High quality goods.
UNL_038,Instant Pot Duo 7-in-1 Pressure Cooker,Home & Kitchen,2,Disappointed with warranty service. They rejected my valid claim.
UNL_039,Nike Air Zoom Pegasus 40,Fashion & Apparel,5,Support agent gave generic responses. Average service.
UNL_040,Logitech MX Master 3S Mouse,Computer Accessories,1,Sleek design and sturdy construction. Very pleased!
UNL_041,Sony WH-1000XM5 Wireless Headphones,Audio & Headphones,1,Unexpected hidden charges added at final checkout step.
UNL_042,Apple MacBook Air M2 13-inch,Computers & Laptops,3,Delivery was on time. The product is working normally.
UNL_043,Samsung Galaxy S24 Ultra,Smartphones,2,Very happy with the overall purchase! Reliable quality.
UNL_044,Anker 737 Power Bank 24000mAh,Electronics Accessories,1,Rude support staff. Extremely unhelpful.
UNL_045,CeraVe Hydrating Facial Cleanser,Beauty & Skincare,3,Normal shipping speed. Packaging was okay.
UNL_046,Instant Pot Duo 7-in-1 Pressure Cooker,Home & Kitchen,1,Instant replacement sent when I reported a minor defect. Great service!
UNL_047,Nike Air Zoom Pegasus 40,Fashion & Apparel,3,Bad experience. Delayed shipping and poor quality item.
UNL_048,Logitech MX Master 3S Mouse,Computer Accessories,3,Item functions fine. Nothing special to note.
UNL_049,Sony WH-1000XM5 Wireless Headphones,Audio & Headphones,5,Superb customer support! Very quick and polite.
UNL_050,Apple MacBook Air M2 13-inch,Computers & Laptops,4,Item arrived scratched and dirty. Poor condition.
