"review_id","review_text"
"UNL_001","The product quality is fantastic! Shipping was extremely fast and packaging was secure."
"UNL_002","Extremely slow delivery and the customer service representative was rude when I called."
"UNL_003","Item received. Works as described. Average performance."
"UNL_004","Loved the user interface of the app! Very smooth checkout process."
"UNL_005","Received a broken unit and refund request has been pending for over 2 weeks."
"UNL_006","Standard product quality. Fair pricing for what you get."
"UNL_007","Great customer support! Solved my issue within 10 minutes."
"UNL_008","Poor material quality. It broke after one week of light usage."
"UNL_009","Delivery took 5 days. Product is fine."
"UNL_010","Amazing value for money! Will definitely buy again."
"UNL_011","Wrong item delivered and support refused to acknowledge their error."
"UNL_012","Decent quality for the cost. Nothing exceptional."
"UNL_013","Prompt dispatch and high quality packaging! Very satisfied customer."
"UNL_014","The mobile app keeps crashing during payment confirmation."
"UNL_015","Satisfactory item. Meets basic requirements."
"UNL_016","Superb performance and elegant design! Highly recommended product!"
"UNL_017","Charged multiple times for single order. Terrible billing support."
"UNL_018","Average shipping time. Product is as expected."
"UNL_019","Great discounts and fast shipping! Fantastic overall experience."
"UNL_020","Item stopped working after three days. Poor build quality."
"UNL_021","The item works okay. Standard functionality."
"UNL_022","Helpful and friendly support staff. They fixed my issue quickly."
"UNL_023","No tracking information provided. Delivery was severely delayed."
"UNL_024","Product condition was acceptable upon arrival."
"UNL_025","Outstanding customer care and great item! 5 stars!"
"UNL_026","Missing parts in the box. Very poor quality control."
"UNL_027","Ordinary quality. Fine for short term use."
"UNL_028","Fast shipping and excellent customer service!"
"UNL_029","Checkout button was unresponsive on mobile browser."
"UNL_030","Received package today. Everything looks good."
"UNL_031","Technical support was knowledgeable and solved my problem."
"UNL_032","Item does not look like the images online. Very misleading."
"UNL_033","Moderate quality. Works as described."
"UNL_034","Top build quality! Shipping was surprisingly quick."
"UNL_035","Package lost in transit and company offered zero help."
"UNL_036","Delivery time was standard. Product is acceptable."
"UNL_037","Wonderful experience from start to finish! High quality goods."
"UNL_038","Disappointed with warranty service. They rejected my valid claim."
"UNL_039","Support agent gave generic responses. Average service."
"UNL_040","Sleek design and sturdy construction. Very pleased!"
"UNL_041","Unexpected hidden charges added at final checkout step."
"UNL_042","Delivery was on time. The product is working normally."
"UNL_043","Very happy with the overall purchase! Reliable quality."
"UNL_044","Rude support staff. Extremely unhelpful."
"UNL_045","Normal shipping speed. Packaging was okay."
"UNL_046","Instant replacement sent when I reported a minor defect. Great service!"
"UNL_047","Bad experience. Delayed shipping and poor quality item."
"UNL_048","Item functions fine. Nothing special to note."
"UNL_049","Superb customer support! Very quick and polite."
"UNL_050","Item arrived scratched and dirty. Poor condition."
