"review_id","review_text","sentiment"
"REV_001","The product quality is outstanding! Fast delivery and great customer support. Highly recommended!","Positive"
"REV_002","Terrible service. The package arrived damaged and customer service refused to refund. Very disappointed!","Negative"
"REV_003","The app works okay, but the user interface could use some improvements. Average experience.","Neutral"
"REV_004","Absolutely love this store! Amazing discounts, prompt shipping, and top-tier item quality!","Positive"
"REV_005","Extremely slow shipping. Took over three weeks to arrive and nobody answered my emails. Bad support!","Negative"
"REV_006","Product matches the description. Delivery was standard. Nothing extraordinary to report.","Neutral"
"REV_007","Exceptional customer service! The representative resolved my account issue within minutes. Great team!","Positive"
"REV_008","Poor quality material. Broke on the first day of usage. Waste of money!","Negative"
"REV_009","The order process was straightforward. Delivery was on time. Satisfactory transaction.","Neutral"
"REV_010","Fantastic purchase! Best value for money and premium packaging. Will order again!","Positive"
"REV_011","Horrible experience! Received wrong item and returns process is super frustrating. Avoid this seller!","Negative"
"REV_012","It does what it promises. Not terrible, but definitely not high-end quality either.","Neutral"
"REV_013","Super fast delivery and flawless product! Five stars all the way!","Positive"
"REV_014","Defective product delivered. Customer support line is constantly busy. Totally unacceptable!","Negative"
"REV_015","Item arrived in good condition. Standard packaging and normal shipping timeframe.","Neutral"
"REV_016","Highly impressed with the build quality and attention to detail. Excellent purchase!","Positive"
"REV_017","Charged twice for a single order! Support is completely unhelpful and rude. Fraudulent service!","Negative"
"REV_018","Fair pricing and average delivery speed. The app is somewhat responsive.","Neutral"
"REV_019","Great discount offers and seamless payment process. Really enjoyed shopping here!","Positive"
"REV_020","The item broke within an hour. Cheap plastic and terrible quality control!","Negative"
"REV_021","Average product. Works as expected but nothing special.","Neutral"
"REV_022","Best customer service I have ever experienced! Helpful, polite, and efficient staff.","Positive"
"REV_023","Delayed shipment without any tracking update. Very poor communication from support.","Negative"
"REV_024","The delivery arrived as estimated. Product condition was acceptable.","Neutral"
"REV_025","Outstanding customer care and high quality goods. Will definitely recommend to friends!","Positive"
"REV_026","The item arrived missing key accessories. Refund process is a total nightmare!","Negative"
"REV_027","Decent quality for the price point. Packaging was standard.","Neutral"
"REV_028","Remarkable speed and quality! Exceeded my expectations in every way.","Positive"
"REV_029","The app constantly crashes during checkout. Worst online ordering system ever!","Negative"
"REV_030","Received order today. Everything looks fine. No major complaints.","Neutral"
"REV_031","Prompt response from technical support. They fixed my problem in no time. Great job!","Positive"
"REV_032","Product looks completely different from the website photos. Misleading advertising!","Negative"
"REV_033","Acceptable performance overall. Setup was moderate difficulty.","Neutral"
"REV_034","Top-notch quality! Shipping was surprisingly quick and item was double wrapped safely.","Positive"
"REV_035","Package lost in transit and support refused to issue a replacement! Terrible company!","Negative"
"REV_036","Standard delivery time. Product quality aligns with the price paid.","Neutral"
"REV_037","Wonderful experience! Friendly support, fast dispatch, and wonderful item!","Positive"
"REV_038","Very disappointed. Item stopped working after two days. Poor warranty coverage!","Negative"
"REV_039","The customer service representative answered basic questions. Average service.","Neutral"
"REV_040","Superior build quality and sleek design. Extremely satisfied with this order!","Positive"
"REV_041","Hidden fees added at checkout! Unfair pricing model and misleading promotion!","Negative"
"REV_042","Delivery was on schedule. The item is functioning as expected.","Neutral"
"REV_043","I am so happy with this purchase! Highly reliable, durable, and stylish.","Positive"
"REV_044","Rude support agents and useless resolution system. Will never buy again!","Negative"
"REV_045","Normal shipping time. Box was slightly creased but product inside was intact.","Neutral"
"REV_046","Amazing service! Replacement unit was sent immediately when I had an issue. 10/10!","Positive"
"REV_047","Very bad experience. Subpar quality, long wait time, and unhelpful support.","Negative"
"REV_048","The item functions fine. Nothing to complain about, nothing to praise either.","Neutral"
"REV_049","Superb customer support and high efficiency! Love doing business with them!","Positive"
"REV_050","Item delivered was scratched and dirty. Feels like a used product was sent!","Negative"
"REV_051","The delivery driver was polite. Product quality is acceptable.","Neutral"
"REV_052","Great value for money! High quality material and smooth performance!","Positive"
"REV_053","Order canceled without explanation after waiting for a week. Disgraceful service!","Negative"
"REV_054","The product is adequate for daily use. Average battery life.","Neutral"
"REV_055","Excellent overall! Quick dispatch, accurate description, and friendly help.","Positive"
"REV_056","False promises regarding delivery dates. Express shipping took 8 days!","Negative"
"REV_057","It is a standard item. Works okay. No issues noticed so far.","Neutral"
"REV_058","Truly exceptional product! Beautifully designed and works seamlessly!","Positive"
"REV_059","Customer service ignored three consecutive support tickets. Horrible support!","Negative"
"REV_060","The shipping timeline was as expected. Product quality is satisfactory.","Neutral"
"REV_061","Five stars! Fast delivery, great price, and superb quality!","Positive"
"REV_062","The material feels flimsy and cheap. Broke immediately upon assembly!","Negative"
"REV_063","The service level was okay. Nothing remarkable.","Neutral"
"REV_064","I love everything about this product! Fast shipping and excellent packaging.","Positive"
"REV_065","Extremely frustrating return process. Spent hours trying to print return label!","Negative"
"REV_066","Product arrived in standard condition. No complaints.","Neutral"
"REV_067","Awesome customer support team! Resolved my query in 5 minutes.","Positive"
"REV_068","Very slow refund processing. It took 30 days to get my money back!","Negative"
"REV_069","Fair experience overall. Product meets basic expectations.","Neutral"
"REV_070","Incredible value! Highly functional and elegant design. Very happy!","Positive"
"REV_071","Poor communication regarding stock availability. Cancelled my order last minute.","Negative"
"REV_072","The package was delivered safely. Everything operates normally.","Neutral"
"REV_073","Outstanding quality and impressive delivery speed. Highly satisfied customer!","Positive"
"REV_074","Extremely noisy unit. Defective motor right out of the box!","Negative"
"REV_075","Satisfactory transaction. Item was packed securely.","Neutral"
"REV_076","Brilliant service and amazing product quality! Will buy again soon.","Positive"
"REV_077","Overpriced for such low quality. Totally regret buying this item!","Negative"
"REV_078","Shipping took average time. Product works as advertised.","Neutral"
"REV_079","Flawless product! Shipping was super fast and support was very polite.","Positive"
"REV_080","Received damaged item and support blamed the delivery company! Unprofessional!","Negative"
"REV_081","The item is decent. Does what it is supposed to do.","Neutral"
"REV_082","Very happy with the customer care team. They went above and beyond!","Positive"
"REV_083","Terrible user interface in mobile app. Frequent login errors and glitches!","Negative"
"REV_084","Product is fine. Delivery was standard speed.","Neutral"
"REV_085","Superb quality and unbeatable price! Highly recommended store!","Positive"
"REV_086","Item broke after two weeks. Warranty service is non-existent!","Negative"
"REV_087","Moderate quality. Good for basic tasks.","Neutral"
"REV_088","Fantastic experience! Great products and extremely fast delivery service!","Positive"
"REV_089","Worst shopping experience ever! Delayed shipping and wrong items sent.","Negative"
"REV_090","Standard service. Order arrived safely without damages.","Neutral"
"REV_091","Top tier quality! Customer support was friendly and fast.","Positive"
"REV_092","Customer service line is automated loop of doom! Nobody actually helps!","Negative"
"REV_093","Fairly good product. Shipping took 4 days.","Neutral"
"REV_094","Wonderful product! Exceeded my expectation in every metric.","Positive"
"REV_095","Product quality is far below average. Very disappointed with this purchase.","Negative"
"REV_096","Order received on time. Quality matches the description.","Neutral"
"REV_097","Exceptional delivery speed and amazing product! 10 out of 10!","Positive"
"REV_098","Item was missing half of the advertised parts. Horrible service!","Negative"
"REV_099","Satisfactory experience. Product is okay for the price.","Neutral"
"REV_100","Love this store! Great discounts, superb products, and prompt assistance!","Positive"
